D3	145.00	195.00
17H	78.60	155.00
5HI	164.05	275.00
6TH	304.76	508.00
ACH	143.50	229.00
F20	33.00	55.00
ALT	12.60	36.00
ANC	65.00	108.00
AST	12.60	36.00
ARA	160.00	265.00
APH	51.17	85.00
ATC	105.14	175.00
AHS	150.20	238.00
ADV	277.67	463.00
ADI	247.00	412.00
CCA	12.60	36.00
ACT	51.17	85.00
ALB	12.60	36.00
UAL	76.40	110.00
ALD	67.73	97.00
ALN	102.00	178.00
ALP	12.60	36.00
API	181.35	302.25
AL3	269.00	329.00
A5	135.00	199.00
A1A	117.39	195.65
AFP	82.50	135.00
AGC	154.26	220.00
ZZ1	63.60	91.00
AL	94.06	156.00
AUU	199.00	332.00
AFA	57.19	96.00
AMY	40.64	68.00
ANE	61.50	99.00
ADO	85.40	123.00
ACE	59.77	99.00
CCP	52.68	88.00
ALC	72.20	104.00
AMO	146.74	195.00
AMH	69.88	99.00
ANA	52.68	88.00
ASL	102.34	115.00
AN3	80.20	134.00
TGA	29.00	49.00
AP1	81.27	116.00
APB	59.00	84.00
APE	123.41	205.00
APG	349.00	580.00
AQP	195.00	278.00
ARB	223.49	372.00
ARS	123.41	205.00
ARU	123.41	205.00
AAS	91.05	151.00
APN	129.60	186.00
AUT	132.44	221.00
BKP	247.57	306.00
BBA	125.67	209.00
BJP	102.34	169.00
BNZ	154.26	257.10
B2M	132.44	221.00
BDG	199.00	332.00
BLH	123.41	205.00
SHU	71.60	119.00
DBL	59.00	84.00
UB	30.00	43.00
D4L	38.49	86.00
D2L	38.49	94.00
BG	51.50	99.00
BNP	137.71	189.00
F18	33.00	55.00
BEN	1720.00	2500.00
BRU	88.80	127.00
CPE	138.60	189.00
CRP	21.50	35.00
C1E	111.37	169.00
IMC	111.37	169.00
C3	75.00	99.00
C4	75.00	99.00
C56	102.34	171.00
CFTR	429.00	549.00
CKM	53.00	88.00
N19 - DRY SWAB	58.00	89.00
CD	67.00	109.00
CTO	142.00	204.00
CA	21.00	36.00
CLD	36.80	138.00
CAL	82.50	137.50
CQP	139.60	200.00
125	69.00	119.00
153	69.00	119.00
199	69.00	119.00
724	125.20	176.00
CNC	82.78	138.00
CNG	82.78	138.00
CAN	184.26	307.09
CRB	63.43	105.00
CDT	99.00	221.00
CBH	179.00	221.00
CEA	59.00	99.00
CAR	96.75	159.00
FA2	33.00	55.00
CAT	188.60	270.00
CAU	261.00	348.00
CER	77.00	119.00
CVC	91.00	155.00
CHG	146.63	225.00
FK9	33.00	55.00
CHI	316.70	529.00
SCG	85.00	119.00
CCG	85.00	119.00
CG1	85.00	119.00
TCG	85.00	119.00
CHO	12.60	21.00
LIP	15.80	39.00
CHP	60.95	102.00
CR	93.31	149.00
CHU	73.75	129.00
KAR	675.32	849.00
FA7	33.00	55.00
CLS	133.50	199.00
CL1	75.50	125.50
CBB	65.00	108.00
CBU	84.00	139.00
F36	33.00	55.00
GS1	74.50	124.00
CQ	158.89	259.00
NTX	133.95	223.00
C1Q	111.50	185.00
C2	149.50	249.00
COD	79.00	129.00
CU	88.00	129.00
COR	75.00	125.00
COT	49.00	81.00
F2	33.00	55.00
CK	12.60	36.00
CRE	12.60	36.00
UC	38.00	55.00
CRC	40.64	71.00
SDP	123.00	189.00
CUL	86.00	125.00
CYC	88.00	136.00
CMV	114.80	184.00
DHE	35.00	59.00
DP	169.00	219.00
DPG	169.00	219.00
DNS	112.00	179.00
GHB	27.00	45.00
DIM	102.34	170.50
DIG	110.30	183.00
DHT	131.15	219.00
DPH	79.00	129.00
DAA	58.80	85.00
DA3	98.80	155.00
HAB	85.79	129.00
F1	33.00	55.00
ELA	101.20	145.00
PHE	59.00	98.00
EBA	102.56	179.00
EBV	284.88	349.00
IMP	69.00	115.00
ESR	16.99	39.00
ERY	111.37	169.00
GFR		49.00
45A	486.00	749.00
ENA	87.72	119.00
FX5	308.53	399.00
12F	164.05	249.00
FOC	45.15	69.00
FHL2	105.00	185.00
SH6	111.50	189.00
FTM	146.00	279.00
FER	20.00	49.00
FIP	45.00	89.00
FLU	104.60	150.00
CAF	146.80	210.00
FLC	123.60	177.00
RCF	45.15	68.00
FOL	21.50	39.00
FSH	21.50	39.00
UCO	81.27	135.00
FPS	30.40	61.00
FT3	21.50	39.00
FT4	25.59	43.00
FRA	60.95	101.59
FBC	27.84	46.40
G6P	82.78	138.00
GGT	12.60	36.00
GAS	60.95	101.59
GPCR	144.48	240.80
ML1	51.50	89.00
GBM	74.61	125.00
GLU	23.33	39.00
BG5	144.40	207.00
GAD	156.31	259.00
GLP	73.75	119.00
GAP	402.59	499.00
F79	33.00	55.00
G1P	119.00	189.00
GH	70.74	108.00
HPA	63.21	105.00
HAS	87.72	139.00
HMD	322.50	419.00
HIV	28.60	49.00
HV1	173.83	289.00
STS	238.01	349.00
H27	213.00	299.00
HPH	71.50	119.00
HRT	55.00	99.00
HTV	82.78	129.00
DH	27.50	49.00
HBL	82.00	129.00
HIA	88.00	149.00
FHL	99.00	149.00
HPT	73.53	122.55
F17	33.00	55.00
HHP	31.50	59.00
HBM	41.28	74.00
HAV	42.00	67.00
HAI	49.00	99.00
ABC	117.00	195.00
HBC	65.00	89.00
HBI	23.00	49.00
HBP	71.50	129.00
HBG	27.09	49.00
HPE	165.55	229.00
HCA	42.14	69.00
QCL	281.87	349.00
HDA	158.03	219.00
HE	111.37	186.00
HSA	91.00	149.00
HSM	87.72	149.00
HSS	105.78	176.00
HUS	105.78	176.00
HVS	55.40	105.00
HIB	196.40	279.00
HOM	92.00	149.00
H8G	149.00	199.00
SOM	105.78	169.00
IGS	235.86	389.00
IGA	41.00	65.00
IGE	41.00	65.00
IGG	41.00	65.00
IGM	41.00	65.00
IMM	103.85	149.00
ICO	79.00	129.00
ALL	33.40	55.00
INB	151.25	249.00
INS	70.95	119.00
ISR	52.00	85.00
IL4	299.00	399.00
IL6	319.00	429.00
IFA	59.50	99.00
SIO	182.86	299.00
FE	15.91	49.00
IOP	359.00	459.00
ISP	21.50	49.00
ICB	109.65	179.00
F84	33.00	55.00
KET	63.00	105.00
KF	21.50	49.00
L17	215.00	335.00
LDH	25.59	43.00
LAM	109.20	182.00
PB	46.44	81.00
LEU	70.74	115.00
LEG	102.34	169.00
LUA	123.41	205.00
LEA	129.00	215.00
LEP	120.00	199.00
LEM	132.44	129.00
LPS	56.70	74.00
LPA	60.00	79.00
LIT	38.60	67.00
ELF	258.11	329.00
LFT	21.50	39.00
LKM	82.78	129.00
LKF	28.00	49.00
LOR	64.60	93.00
LUS	100.41	159.00
LH	39.00	59.00
BRA	119.00	199.00
LYS	209.20	349.00
MR3	75.00	125.00
MR2	75.00	125.00
MR1	69.80	100.00
MS1	195.20	280.00
MS2	402.40	576.00
CV1	258.30	329.00
MGR	181.00	259.00
MG	23.11	49.00
MGB	67.60	119.00
MAL	89.55	149.00
MAP	46.80	81.00
MHLP	97.00	179.00
MHP	59.50	99.00
SH5	115.00	179.00
MTM	140.00	269.00
MN	51.50	85.00
MEA	39.00	65.00
MMR	99.00	189.00
MEN	119.65	169.00
FMP	49.00	79.00
HG	75.00	99.00
MRU	75.00	99.00
MSP	259.00	389.00
METP	120.40	169.00
MTX	132.00	189.00
MTS	169.00	289.00
MMA	159.00	219.00
UMA	45.00	75.00
MST	283.60	406.00
MTA	54.00	89.00
MUM	43.00	69.00
MAM	102.34	139.00
MYC	60.20	105.00
MPO	82.78	137.00
MYB	82.78	137.00
MSO	158.03	229.00
4RF	570.83	679.00
NCM	89.00	129.00
NSI	105.00	149.00
NSE	125.00	210.00
NIU	82.78	137.00
4A	179.00	279.00
OES	21.50	49.00
E1	129.00	189.00
OLA	164.05	269.00
O36	125.00	169.00
OMB	86.80	135.00
OMU	86.80	135.00
OST	129.00	179.00
OVA	127.00	179.00
PHN	55.69	92.00
PL2	98.00	163.00
PTH	85.60	163.00
PGM	136.20	227.00
PBM	39.00	65.00
F13	35.00	55.00
PGx	399.00	419.00
PHO	12.60	36.00
PFP	154.40	264.00
PPF	165.00	239.00
PPM	165.00	239.00
PNS	164.05	273.41
POS	166.20	238.00
DVT	258.80	371.00
QHCG	34.00	55.00
PRN	161.00	219.00
ML2P	61.50	99.00
P1P	308.53	429.00
P3P	119.00	199.00
PROG	21.50	39.00
PRL	21.50	39.00
PR2	51.50	79.00
PSA	25.00	39.00
PC	102.34	170.00
PRT	82.78	139.00
TPR	23.00	36.00
UCP	44.80	100.00
PR3	69.23	115.00
PUR	83.53	139.00
QFA	102.34	170.00
RAB	226.50	377.50
ZNB	47.52	79.00
RTC	21.00	43.00
RBP	64.29	105.00
RT3	132.23	189.00
RF	33.86	59.00
RH6	90.20	137.00
RIC	164.05	273.41
ROT	101.05	169.00
RBG	35.00	59.00
RBM	109.65	182.75
GCOV	59.00	89.00
SRT	194.04	279.00
ST9	98.00	169.00
SAL	60.95	102.00
SEB	43.54	69.00
SEL	82.78	129.00
SLC	169.00	279.00
F10	33.00	55.00
SHB	21.50	39.00
SH4	74.50	129.00
ST6	68.50	125.00
D12	219.00	299.00
FM5	33.00	55.00
SIC	77.83	129.00
SKA	59.00	85.00
STK	222.20	318.00
HS2	204.80	394.00
HS1	184.00	264.00
HS3	204.80	459.00
1S	144.40	214.00
2S	204.80	345.00
3S	238.80	394.00
4S	279.80	492.00
5S	327.60	672.00
6S	375.40	771.00
7S	423.20	886.00
8S	471.00	983.00
9S	518.80	1.00
ASM	52.68	89.00
F14	33.00	55.00
MLSB	71.50	119.00
MLSH	111.50	189.00
SP1	61.20	116.00
SP2	80.80	116.00
SCA	87.40	125.00
OCP	60.95	102.00
SRS	55.69	93.00
PNUAC	69.00	99.00
STL	155.40	223.00
STG	99.00	165.00
SC	86.00	125.00
SE	86.00	125.00
NS	86.00	125.00
SO	86.00	125.00
SP	86.00	125.00
SR	86.00	125.00
SKS	86.00	125.00
ST	86.00	125.00
SVU	86.00	125.00
WS	86.00	125.00
SWC	86.00	125.00
SYT	179.00	299.00
SYP	39.00	65.00
SYC	126.20	195.00
TBQ	105.00	165.00
TNFa	169.00	239.00
TBI	47.25	79.00
BIL	21.00	36.00
TPP	42.14	69.00
TVP	64.20	121.00
FK5	89.00	149.00
TEST	18.50	39.00
TESTP	31.50	59.00
TER	96.25	149.00
TEA	82.99	139.00
THA	102.34	170.50
TMT	167.06	279.00
THT	31.40	45.00
THB	51.40	85.00
TF2	45.00	79.00
TF	21.50	49.00
TPO	21.50	39.00
TF3	42.00	65.00
TSI	160.82	228.00
TSH	25.59	39.00
T4	38.00	69.00
TP	64.00	99.00
TAA	87.72	146.20
TAG	70.80	102.00
TIS	80.80	116.00
TOB	195.20	280.00
TOU	130.20	209.00
TOM	121.91	175.00
T3	82.78	139.00
TNI	94.60	159.00
UA	22.58	36.00
UUA	28.00	57.00
UCY	136.80	196.00
USS	549.00	699.00
NHW	149.00	209.00
NHU	155.50	219.00
UE	19.00	32.00
UCE	41.00	69.00
ACR	59.00	99.00
SVA	86.00	143.00
VAL	66.97	112.00
VAN	86.40	124.00
VZP	195.00	369.00
VTA	93.00	132.00
VBP	429.80	616.00
VT1	93.00	132.00
VB3	85.50	122.00
VKN	115.13	192.00
VP2	426.00	642.00
VLD	94.82	129.00
VMA	164.05	270.00
VPC	190.92	319.00
VZG	50.40	84.00
VPR	254.00	423.00
B12	21.50	39.00
V12	49.88	79.00
VB2	70.50	99.00
VB5	119.00	169.00
VB6	102.00	145.00
BIO	118.50	150.00
VTC	110.25	157.50
VTD	30.40	49.00
VTE	99.00	149.00
VP	44.00	89.00
VP1	321.64	536.00
VPM	81.50	119.00
WLM	60.00	99.00
WLA	119.00	169.00
WLT	70.00	109.00
ML7	98.36	159.00
MF7	87.60	157.00
ML6	76.86	119.00
ML8	98.36	159.00
MF8	87.60	157.00
WCA	164.05	273.00
YFA	194.15	323.00
YEA	118.14	197.00
ZKA	157.27	259.00
ZN	70.95	119.00
