Code,Product name,2026 WholesalePrice,2026 RRP,TAT,Tests
5HI,5 HIAA,£164.05,£275.00,6 days,"Urine Volume (24 Hour Collection), 5-OH Indole Acetic Acid (5 HIAA)"
6TH,6-Thioguanine Nucleotides,£304.76,£508.00,2 weeks,6-Thioguanine Nucleotides
ARA,Acetylcholine Receptor Autoantibodies,£160.00,£265.00,6 days,Acetylcholine Receptor Autoantibodies
APH,Acid Phosphatase ‚ Total,£51.17,£85.00,6 days,Acid Phosphatase Total
ACH,ACTH (Adreno Corticotrophic Hormone),£143.50,£229.00,2 days,Adrenocorticotropic hormone (ACTH)
ATC,Activated Protein C Resistance,£105.14,£175.00,4 days,Activated Protein C Resistance
ADV,Adenovirus by PCR,£277.67,£463.00,,Adenovirus by PCR
ADI,Adiponectin,£247.00,£412.00,2 weeks,Adinopectin
ACT,Adrenal Cortex Antibodies,£51.17,£85.00,2 days,Adrenal Cortex Antibodies
ALM,Alcohol (Medical),£47.50,£79.00,4 days,Alcohol (Medical)
ALD,Aldolase,£67.73,£97.00,6 days,Aldolase
ALN,Aldosterone,£102.00,£178.00,6 days,Aldosterone
API,Alkaline Phosphatase lsoenzymes,£181.35,£302.25,5 days,Alkaline Phosphatase lsoenzymes
AL2,Allergy Complete - 295 allergens tested,£255.00,£319.00,14 days,Allergy Complete - 295 Allergens
A1A,Alpha 1 Antitrypsin (Serum),£117.39,£195.65,2 days,Alpha 1 Antitrypsin (Serum)
AFP,Alpha Fetoprotein,£82.50,£135.00,1 day,Alpha Fetoprotein
AGC,Alpha Gal Components (related to red meat),£154.26,£220.00,4 days,"Lamb, Pork, Beef IgE level"
AL,Aluminium (Blood),£94.06,£156.00,2 weeks,Aluminium (Blood)
AUU,Aluminium (Urine),£199.00,£332.00,2 weeks,Aluminium (Urine)
AFA,Amoebic (E. histolytica) Antibodies,£57.19,£96.00,5 days,Amoebic (E. histolytica) Antibodies
AMY,Amylase,£40.64,£68.00,1 day,Amylase
ANE,Anaemia Profile,£61.50,£99.00,1 day,"Mean Cell Volume (MCV), Total Iron-Binding Capacity, Platelet Count, Haematocrit, Mean Platelet Volume, Folate, Transferrin Saturation, Haemoglobin, White Cell Count, Ferritin, Red Cell Count, Mean Cell Haemoglobin Concentration, Red Cell Distribution Width, Unsaturated Iron-Binding Capacity, Iron, Vitamin B12, Mean Cell Haemoglobin"
ANC,ANCA (Anti-Neutrophil Cytoplasmic Antibodies),£65.00,£108.00,3 days,ANCA (Anti-Neutrophil Cytoplasmic Antibodies)
ACE,Angiotensin Converting Enzyme,£59.77,£99.00,1 day,Angiotensin Converting Enzyme
CCP,Anti-CCP Antibodies (RF),£52.68,£88.00,1 day,Cyclic Citrullinated Pep Abs
ADA,ANTI-DSDNA,£52.68,£88.00,3 days,Anti-double Stranded DNA (anti-dsDNA)
AMO,Anti-MOG (Myelin Oligodendrocyte Glycoprotein) Antibodies,£146.74,£195.00,3 weeks,Anti-MOG (Myelin Oligodendrocyte Glycoprotein Antibodies)
AMH,Antimullerian Hormone (AMH Plus),£69.88,£99.00,1 day,Anti-Mullerian Hormone
ANA,Antinuclear Antibodies (Titre & Pattern),£52.68,£88.00,5 days,Antinuclear Antibodies (Titre & Pattern)
ASL,Antistreptolysin Titre (ASOT),£102.34,£115.00,3 days,Antistreptolysin Titre (ASOT)
AN3,Antithrombin Ill,£80.20,£134.00,3 days,Antithrombin III
TGA,Antithyroglobulin Antibodies,£29.00,£49.00,1 day,Antithyroglobulin Antibodies
AP1,Apolipoprotein A1,£81.27,£116.00,1 day,Apolipoprotein A1
APB,Apolipoprotein B,£59.00,£84.00,1 day,Apolipoprotein B
APE,Apolipoprotein E (12 hours fasting),£123.41,£205.00,7 days,Apolipoprotein E (12 hours fasting)
APG,"Apolipoprotein E genotype ‚ E2, E3, E4",£349.00,£580.00,7 days,"Apolipoprotein E genotype E2, E3, E4"
AQP,Aquaporin 4 Antibodies (Neuromyelitis Optica),£195.00,£278.00,2 weeks,Aquaporin 4 Antibodies (Neuromyelitis Optica)
ARB,Arbovirus Antibodies,£223.49,£372.00,2 weeks,Arbovirus Antibodies
ARS,Arsenic (Blood),£123.41,£205.00,2 days,Arsenic (Blood)
ARU,Arsenic (Urine),£123.41,£205.00,1 day,Arsenic (Urine)
AAS,Ascariasis Serology,£91.05,£151.00,6 days,Ascariasis Serology
AUT,Autoantibody Profile 1,£132.44,£221.00,5 days,"Antinuclear Antibodies (Titre & Pattern), Liver Kidney Microsomal Antibodies, Anti-Smooth Muscle Antibodies, Gastric Parietal Autoantibodies"
BBA,Babesia Antibodies,£125.67,£210.00,3 weeks,Babesia Antibodies
BJP,Bence-Jones Protein,£102.34,£169.00,2 days,Bence-Jones Protein
BNZ,Benzene,£154.26,£257.10,4 days,Benzene
B2M,Beta 2 Microglobulin (Serum),£132.44,£221.00,3 days,Beta 2 Microglobulin (Serum)
BDG,Beta D Glucan,£199.00,£332.00,2 weeks,Beta D Glucan
HCG,Beta HCG (Quantitative) (Pregnancy),£35.00,£55.00,1 day,Beta HCG (Quantitative)
BIC,Bicarbonate,£22.58,£37.00,1day,Bicarbonate
BLH,Bilharzia (Schistosome) Antibody Screen,£123.41,£205.00,1 day,Bilharzia (Schistosome) Antibody Screen IgG
SHU,Bilharzia/Schistosoma (Urine),£71.60,£119.00,1 day,Bilharzia (Schistosome) Urine
DBL,Bilirubin (Direct/Indirect),£59.00,£84.00,1 day,"Total Bilirubin, Bilirubin (Direct), Indirect Bilirubin"
D4L,Biochemistry (16 Parameters) & Haematology Profile plus Cholesterol Profile (TDL Code DL4L),£38.49,£86.00,1 day,"Low Density Lipoprotein, Triglyceride, Albumin, Cholesterol - Total, Mean Cell Volume (MCV), Platelet Count, Haematocrit, Non-HDL-Cholesterol, Calcium, Mean Platelet Volume, Urate (Uric acid), Creatinine, Glucose, Total Bilirubin, Urea, Haemoglobin, White Cell Count, Red Cell Count, Mean Cell Haemoglobin Concentration, Globulin, Aspartate Aminotransferase, Red Cell Distribution Width, High-Density Lipoprotein (HDL) Cholesterol, Total Protein, Gamma Glutamyl Transferase, Alkaline Phosphatase, Adjusted Calcium, Alanine Transaminase, Mean Cell Haemoglobin"
D2L,Biochemistry (24 Parameters) & Haematology Profile plus Full Cholesterol Profile (TDL Code DL2L),£38.49,£94.00,1 day,"Low Density Lipoprotein, Triglyceride, Albumin, Cholesterol - Total, Mean Cell Volume (MCV), Total Iron-Binding Capacity, Platelet Count, Haematocrit, Non-HDL-Cholesterol, Calcium, Potassium, Mean Platelet Volume, Urate (Uric acid), Creatinine, Glucose, Total Bilirubin, Urea, Haemoglobin, White Cell Count, Sodium, Red Cell Count, Globulin, Aspartate Aminotransferase, Red Cell Distribution Width, High-Density Lipoprotein (HDL) Cholesterol, Unsaturated Iron-Binding Capacity, Total Protein, estimated Glomerular Filtration Rate (eGFR), Iron, Gamma Glutamyl Transferase, Alkaline Phosphatase, Adjusted Calcium, Alanine Transaminase, Phosphate, Mean Cell Haemoglobin"
BKP,BK Polyoma Virus by PCR,£247.57,£306.00,1 week,BK Polyoma Virus by PCR
BG,Blood Group (Handwritten Label Essential),£51.50,£99.00,1 day,Blood Group
BNP,Brain Natriuretic Peptide (NT-pro BNP),£137.71,£189.00,1 day,Brain Natriuretic Peptide (NT-pro BNP)
BEN,Breast Cancer NGS Panel ‚ full sequencing across 14 genes + deletions/duplications.,"£1,720.00","£2,866.00",1 month,Breast Cancer NGS Panel full sequencing across 14 genes + deletions/duplications
CPE,C Peptide,£138.60,£189.00,1 day,C Peptide
C1E,C1 Esterase Inhibitor,£111.37,£169.00,1 week,C1 Esterase Inhibitor
IMC,C1q Binding Immune Complex,£111.37,£169.00,1 week,C1q Binding Immune Complex
C3,C3 Complement,£75.00,£99.00,1 day,C3 Complement
C4,C4 Complement,£75.00,£99.00,1 day,C4 Complement
CD,Cadmium (Blood),£67.00,£109.00,1 week,Cadmium (Blood)
CTO,Calcitonin,£142.00,£204.00,1 day,Calcitonin
CA,Calcium,£21.00,£36.00,1 day,Calcium
CAL,Calprotectin,£82.50,£137.50,1 day,Calprotectin
125,Cancer Antigen 125,£69.00,£119.00,1 day,Cancer Antigen 125 (CA125)
153,Cancer Antigen 15-3,£69.00,£119.00,1 day,Cancer Antigen 15-3 (CA 15-3)
199,Cancer Antigen 19-9,£69.00,£119.00,1 day,Cancer Antigen 19-9 (CA 19-9)
C50,Cancer Antigen 50 (CA 50),£189.63,£316.05,5 days,Cancer Antigen 50 (CA 50)
724,Cancer Antigen 72-4,£125.20,£176.00,5 days,Cancer Antigen 72-4 (CA 72-4)
CNC,Candida (Culture),£82.78,£138.00,1 day,Candida (Culture)
CNG,Candida (Culture-Groin),£82.78,£138.00,1 day,Candida (Culture-Groin)
CAN,Candida Antibodies,£184.26,£307.09,7 days,"Candida albicans IgA, Candida albicans IgG, Candida albicans IgM"
CRB,Carbamazepine (Tegretol),£63.43,£105.00,1 day,Carbamazepine (Tegretol)
CDT,Carbohydrate Deficient Transferrin (CDT),£99.00,£165.00,1 week,Carbohydrate Deficient Transferrin (CDT)
CBH,Carboxyhaemoglobin,£179.00,£259.00,1 week,Carboxyhaemoglobin
CEA,Carcino Embryonic Antigen,£59.00,£99.00,1 day,Carcino Embryonic Antigen
CDA,Cardiolipin Antibodies (IgG+IgM),£119.00,£159.00,3 days,"Anticardiolipin Antibodies (IgG), Anticardiolipin Antibodies (IgM)"
CAR,Carotenes (Beta Carotene),£96.75,£159.00,2 days,Beta-Carotene
CAU,Catecholamines (Urine),£261.00,£348.00,6 days,Urine Catecholamines
C56,CD56,£102.34,£171.00,1 day,CD56 (NK cells)
CER,Ceruloplasmin,£77.00,£119.00,2 days,Ceruloplasmin
PAP,Cervical Cytology,£91.00,£155.00,3 weeks,Cervical Cytology
CVC,"Cervical Cytology with HPV (HR mRNA types 16, 18 + others)",£91.00,£155.00,3 weeks,"Human Papillomavirus (HPV) (HR mRNA types 16, 18 + others), Cervical Cytology"
CHG,Chagas Disease Serology (S.American Trypanosomiasis) T. Cruzi,£146.63,£225.00,11 working,Chagas Disease Serology (S.American Trypanosomiasis) T. Cruzi
CHI,Chikungunya Virus Antibodies,£316.70,£529.00,2 weeks,Chikungunya Virus Antibodies
SCG,Chlamydia/Gonorrhoea (PCR Swab),£85.00,£119.00,1 day,"Neisseria Gonnorhoea PCR, Chlamydia (PCR swab)"
CCG,Chlamydia/Gonorrhoea (Urine),£85.00,£119.00,1 day,"Chlamydia PCR, N. Gonorrhoea PCR"
CG1,Chlamydia/Gonorrhoea PCR (Thin Prep),£85.00,£119.00,1 day,"Neisseria Gonnorhoea PCR, Chlamydia (PCR swab)"
TCG,Chlamydia/Gonorrhoea PCR (Throat Swab),£85.00,£119.00,1 day,"Chlamydia Throat Swab (slow), Gonorrhoea Throat Swab (slow)"
CHO,Cholesterol - Total,£12.60,£21.00,1 day,Cholesterol - Total
LIP,Cholesterol Lipid Profile,£15.80,£39.00,1 day,"Low Density Lipoprotein, Triglyceride, Cholesterol - Total, Non-HDL-Cholesterol, Total Cholesterol : HDL Ratio, High-Density Lipoprotein (HDL) Cholesterol, HDL percentage"
CHP,Cholinesterase (Serum/Pseudo),£60.95,£102.00,1 week,Cholinesterase (Serum/Pseudo)
CR,Chromium (Blood),£93.31,£149.00,1 day,Chromium (Blood)
CHU,Chromium (Urine),£73.75,£129.00,5 days,Chromium (Urine)
KAR,Chromosome Analysis (Karyotyping) (Blood),£675.32,"£1,125.50",1 week,Chromosome Analysis (Blood)
CKM,CK (MB Fraction),£53.00,£88.00,1 day,Creatine Kinase - MB Fraction
CLS,Clostridium Difficile Toxin by PCR,£133.50,£199.00,3 days,Clostridium Difficile Toxin by PCR
CL1,Coagulation Profile 1 (Must reach lab within 2 hrs),£75.50,£125.50,3 days,"APTT, Fibrinogen, INR, Prothrombin Time"
CBB,Cobalt (Blood),£65.00,£108.00,2 weeks,Cobalt (Blood)
CBU,Cobalt (Urine),£84.00,£139.00,2 weeks,Cobalt (Urine)
GS1,Coeliac/Gluten Sensitivity Profile,£74.50,£124.00,3 days,"Immunoglobulin A, Tissue transglutaminase IgA, Gliadin Antibodies (IgG) (deamidated)"
CQ,Coenzyme Q10,£158.89,£259.00,1 day,Coenzyme Q10
NTX,Collagen Type 1 Cross-Linked N-Telopeptide ‚ NTX,£133.95,£223.00,3 weeks,Collagen Type 1 Cross-Linked N-Telopeptide NTX
C1Q,Complement C1q,£111.50,£185.00,1 week,Complement C1q
C2,Complement C2,£149.50,£249.00,5 days,Complement C2
COD,Coombs (Direct Antiglobulin Test),£79.00,£129.00,4 days,Coombs (Direct Antiglobulin Test)
CU,Copper (Serum),£88.00,£129.00,1 day,Copper (Serum)
COR,Cortisol,£75.00,£125.00,1 day,Cortisol
COT,Cotinine (Serum),£49.00,£81.00,1 day,Cotinine (Serum)
CRP,C-Reactive Protein (High Sensitivity),£21.50,£35.00,1 day,High Sensitivity C-Reactive Protein
CK,Creatine Kinase,£12.60,£36.00,1 day,Creatine Kinase
CRC,Creatinine Clearance,£40.64,£71.00,1 day,"Urine creatinine, Creatinine"
SDP,Crosslaps - Serum Deoxypyridinoline (DPD),£123.00,£189.00,5 days,DPD (deoxypyridinoline) serum
CUL,Culture (Any site),£86.86,£119.00,Dependent on culture,Culture
CYC,Cystatin C,£88.00,£136.00,6 days,Cystatin C
DDI,D-Dimers (Fibrinogen Degradation Products) (Must reach lab within 2 hrs),£83.00,£109.00,3 days,D-Dimers (Fibrinogen Degradation Products)
DNS,Dengue Virus Serology,£112.00,£179.00,6 days,"Dengue virus NS1 Antigen Index, Dengue Virus Antibody IgM Index, Dengue Virus IgG Index"
DHE,DHEA Sulphate,£35.00,£59.00,1 day,DHEA-Sulphate
GHB,Diabetes Diagnosis and Monitoring,£27.00,£45.00,1 day,HbA1c (Glycosylated Haemoglobin)
DIM,Diamine Oxidase Activity,£102.34,£170.50,2 weeks,Diamine Oxidase Activity
DIG,Digoxin,£110.30,£183.00,1 day,Digoxin
DHT,Dihydrotestosterone,£131.15,£219.00,10 days,Dihydrotestosterone
DPH,Diphtheria Antibodies,£79.00,£129.00,1 week,Diphtheria Antibodies
DA3,Drugs of Abuse Profile ‚ Random Urine Sample/No Chain of Custody Plus Alcohol,£98.80,£155.00,1 day,"Cannabinoids (Urine) Screen, Benzodiazepines (Urine), Specimen Integrity, Barbiturates (Urine), Cocaine Screen (Urine), Ethanol (Urine), Methadone (Urine), Amphetamines (inc MDMA/MDA), Chain of Custody, Opiate Screen (Urine)"
HAB,Echinococcus (Hydatid) Antibodies,£85.79,£129.00,5 days,Echinococcus (Hydatid) Antibodies
ELA,Elastase (Faecal),£101.20,£145.00,1 week,Elastase (Faecal)
PHE,Epanutin (Phenytoin),£59.00,£98.00,1 day,Epanutin (Phenytoin)
EBA,Epstein-Barr Virus Antibodies IgG/IgM,£102.56,£179.00,1 day,"Epstein-Barr Virus Antibodies IgG, Epstein-Barr Virus Antibodies IgM, EBV Early Ag ab. (IgG)"
EBV,Epstein-Barr Virus PCR,£284.88,£349.00,1 week,Epstein-Barr Virus PCR
IMP,Erectile Dysfunction Impotence Profile,£69.00,£115.00,1 day,"Low Density Lipoprotein, Triglyceride, Albumin, Cholesterol - Total, HbA1c (Glycosylated Haemoglobin), Sex Hormone Binding Globulin, Non-HDL-Cholesterol, Free Testosterone Calculation, Testosterone, Total Cholesterol : HDL Ratio, Prolactin, High-Density Lipoprotein (HDL) Cholesterol, Thyroid Stimulating Hormone, HDL percentage, Prostate Specific Antigen"
ESR,Erythrocyte Sedimentation Rate,£16.99,£39.00,1 day,Erythrocyte Sedimentation Rate
ERY,Erythropoietin,£111.37,£169.00,1 day,Erythropoietin
ENA,"Extractable Nuclear Antibodies (nRNP, Sm, Ro, La, Jo1, Scl70) CENP-B",£87.72,£119.00,5 days,"Anti-LA ssb, Anti-Sm, Anti-U1RNP, Anti-Jo-1, Anti-CENP, Anti-Scl-70, Anti-Ro (SS-A)"
FII,Factor II Prothrombin ‚ G20210A mutation,£238.01,£299.00,6 days,Factor II Prothrombin G20210A mutation
FX5,Factor V of Leiden,£308.53,£399.00,7 days,Factor V Leiden G1691A mutation
12F,Factor VIII Assay,£164.05,£249.00,7 days,Factor XII Assay
FOC,Faecal Immunochemical Test (random faeces),£45.15,£69.00,1 day,Faecal Occult Blood/FOB (immunochemical/FIT)
FTM,Female Tumour Markers,£146.00,£279.00,1 day,"Carcino Embryonic Antigen, Cancer Antigen 125 (CA125), Cancer Antigen 19-9 (CA 19-9), Cancer Antigen 15-3 (CA 15-3), Alpha Fetoprotein"
FIP,Fertility Hormones Profile,£45.00,£89.00,1 day,"Testosterone, Prolactin, Follicle Stimulating Hormone, Luteinizing Hormone, Oestradiol (E2)"
RCF,Folate (Red Cell),£45.15,£68.00,1 day,Red Cell Folate
FOL,Folate (Vitamin B9),£21.50,£39.00,1 day,Folate (serum)
FSH,Follicle Stimulating Hormone (FSH),£21.50,£39.00,1 day,Follicle Stimulating Hormone
FAI,Free Androgen Index (calculated),£41.00,£69.00,1 day,"Free Androgen Index, Sex Hormone Binding Globulin, Testosterone"
UCO,Free Cortisol (Urine),£81.27,£135.00,1 day,Urinary Free Cortisol
FPS,Free Prostate Specific Antigen,£30.40,£61.00,1 day,Free Prostate Specific Antigen
FT3,Free T3 (triiodothyronine),£21.50,£39.00,1 day,Free T3 (triiodothyronine)
FT4,Free T4 (thyroxine),£25.59,£43.00,1 day,Free T4 (thyroxine)
FRA,Fructosamine,£60.95,£101.59,4 days,Fructosamine
FBC,Full Blood Count (with 5 part White Cell Differential),£27.84,£46.40,1 day,"Mean Cell Volume (MCV), Platelet Count, Haematocrit, Lymphocytes, Mean Platelet Volume, Haemoglobin, White Cell Count, Red Cell Count, Mean Cell Haemoglobin Concentration, Red Cell Distribution Width, Monocytes, Neutrophils, Basophils, Eosinophils, Mean Cell Haemoglobin"
G6P,G6PD,£82.78,£138.00,1 day,Glucose-6-phosphate Dehydrogenase (G6PD)
GAS,Gastric Parietal Autoantibodies,£60.95,£101.50,1 week,Gastric Parietal Autoantibodies
GPCR,Gastrointestinal Panel,£144.48,£240.80,1 day,"Vibrio Cholerae, Adenovirus, Entamoeba histolytica, Campylobacter (PCR), Giardia (PCR), Salmonella (PCR), Plesiomonas shigellaoides, Enteropathogenic E.coli, Cryptosporidium (OCP PCR), Vibrio parahaemolyticus, Vibrio vulnificus, Shig-like toxin producing E.coli, Rotavirus in Stool PCR, Norovirus, Sapovirus (GI GII GIV GV), Enteroaggregative E. Coli, Astrovirus, Cyclospora cayetanensis, Enteroinvasive E.Coli/Shigella, Yersinia enterocolitica, Enterotoxigenic E.Coli lt/st"
ML1,General Health Profile,£51.50,£89.00,1 day,"Low Density Lipoprotein, Triglyceride, Albumin, Cholesterol - Total, HbA1c (Glycosylated Haemoglobin), Non-HDL-Cholesterol, Calcium, Urate (Uric acid), Creatinine, Total Bilirubin, Urea, Total Cholesterol : HDL Ratio, High-Density Lipoprotein (HDL) Cholesterol, estimated Glomerular Filtration Rate (eGFR), Iron, Gamma Glutamyl Transferase, Alkaline Phosphatase, Adjusted Calcium, Alanine Transaminase"
D6L,General Well Person Profile plus Full Cholesterol Profile (DL6L),£60.95,£151.00,1 day,"Haematocrit, Alkaline Phosphatase, Free T4 (thyroxine), White Cell Count, Mean Platelet Volume, estimated Glomerular Filtration Rate (eGFR), Total Protein, Unsaturated Iron-Binding Capacity, Calcium, Haemoglobin, Globulin, Mean Cell Volume (MCV), Sodium, Creatine Kinase, Gamma Glutamyl Transferase, Phosphate, Urea, Mean Cell Haemoglobin, Mean Cell Haemoglobin Concentration, Platelet Count, Red Cell Distribution Width, Red Cell Count, Thyroid Stimulating Hormone, Alanine Transaminase, Urate (Uric acid), Total Bilirubin, Creatinine, Albumin, Adjusted Calcium, Chloride, Iron, Non-HDL-Cholesterol, Ferritin, Total Iron-Binding Capacity, Potassium, Aspartate Aminotransferase, Lactate Dehydrogenase (LDH), Triglyceride, High-Density Lipoprotein (HDL) Cholesterol, Glucose, Cholesterol - Total, Low Density Lipoprotein"
GBM,Glomerular Basement Membrane Antibodies,£74.61,£125.00,2 day,Glomerular Basement Membrane Antibodies
GLU,Glucose,£23.33,£39.00,1 day,Glucose
BG5,Glucose Tolerance Test/OGTT,£155.23,£259.00,1 day,"Glucose, Glucose 120 mins"
GAD,Glutamic Acid Decarboxylase Antibodies (GAD 65),£156.31,£259.00,1 week,Glutamic Acid Decarboxylase Ab
GLT,GLUTATHIONE (RED CELL),£128.68,£215.00,1 day,Glutathione (Red Cell)
GLP,GLUTATHIONE PEROXIDASE,£73.75,£119.00,2 weeks,Glutathione Peroxidase
GAP,Gluten Allergy Profile,£402.59,£499.00,2 weeks,"Immunoglobulin A, Gluten single IgE Allergen, Tissue transglutaminase IgA, Gliadin Antibodies (IgG) (deamidated), Coeliac Disease HLA DQ2/DQ8 Genotype"
GH,Growth Hormone (Fasting),£70.74,£108.00,1 day,Growth Hormone (Fasting)
HPA,H. pylori Antibodies (IgG),£63.21,£105.00,1 day,H. pylori Antibodies (IgG)
HAS,H. pylori Antigen (Stool),£87.72,£139.00,1 day,H. pylori Ag
DH,Haematology Profile (DL3),£27.50,£49.00,1 day,"Mean Cell Volume (MCV), Platelet Count, Haematocrit, Erythrocyte Sedimentation Rate, Mean Platelet Volume, Haemoglobin, White Cell Count, Red Cell Count, Mean Cell Haemoglobin Concentration, Red Cell Distribution Width, Mean Cell Haemoglobin"
HB,Haemoglobin,£28.00,£49.00,1 day,Haemoglobin
HBL,Haemoglobin Electrophoresis,£82.00,£129.00,1 day,"Haemoglobin Electrophoresis, Haemoglobin F, Haemoglobin A2"
HIA,Haemophilus B Influenzae Antibodies,£88.00,£149.00,1 week,Haemophilus B Influenzae Antibodies
FHL,Hair Loss Profile Female - Bespoke,£99.00,£149.00,1 day,"Albumin, Free T4 (thyroxine), Mean Cell Volume (MCV), Platelet Count, Haematocrit, Mean Platelet Volume, Folate, Creatinine, Total Bilirubin, Urea, Haemoglobin, Zinc (Serum), White Cell Count, Ferritin, Red Cell Count, Mean Cell Haemoglobin Concentration, Globulin, Aspartate Aminotransferase, Red Cell Distribution Width, Thyroid Stimulating Hormone, Follicle Stimulating Hormone, Total Protein, Luteinizing Hormone, estimated Glomerular Filtration Rate (eGFR), Gamma Glutamyl Transferase, Oestradiol (E2), Alkaline Phosphatase, Vitamin D (25-OH), Vitamin B12, Alanine Transaminase, Mean Cell Haemoglobin"
HPT,Haptoglobin,£73.53,£122.55,5 days,Haptoglobin
F17,Hazel nut IgE level,£33.00,£55.00,1 day,Hazelnut IgE
HHP,Heart Health Profile,£31.50,£59.00,1 day,"Low Density Lipoprotein, Triglyceride, Cholesterol - Total, HbA1c (Glycosylated Haemoglobin), Non-HDL-Cholesterol, Total Cholesterol : HDL Ratio, High Sensitivity C-Reactive Protein, High-Density Lipoprotein (HDL) Cholesterol"
HBM,Hep B Core IgM,£41.28,£74.00,1 day,Hepatitis B Core Antibody IgM
HAV,Hepatitis A (IgM),£42.00,£67.00,1 day,Hepatitis A (IgM)
HAI,Hepatitis A Immunity (IgG/IgM),£49.00,£99.00,1 day,"Hepatitis A (IgM), Hepatitis A Immunity (IgG)"
ABC,"Hepatitis A, B & C Profile",£117.00,£195.00,1 day,"Albumin, HIV Antigen & Antibody (Bioplex), Total Bilirubin, Globulin, Aspartate Aminotransferase, Hepatitis B Core Antibody - IgM, Total Protein, Hepatitis C Antibody, Gamma Glutamyl Transferase, Alkaline Phosphatase, Alanine Transaminase, Hepatitis B Surface antigen"
HBC,Hepatitis B Core Antibody ‚ Total,£65.00,£89.00,1 day,Hepatitis B Core Antibody - IgM
HPE,Hepatitis B e Antigen and Antibody,£165.55,£229.00,1 day,"Hepatitis B e Antibody, Hepatitis B e Antigen"
HBI,Hepatitis B Immunity (Quantitative),£23.00,£49.00,1 day,Hepatitis B Immunity (anti-HBs or Surface Antibody)
HBP,Hepatitis B Profile,£71.50,£129.00,1 day,"Hepatitis B Core Antibody - IgM, Hepatitis B Surface antigen, Hepatitis B Surface Antibody"
HBG,Hepatitis B Surface Antigen,£27.09,£49.00,1 day,Hepatitis B Surface antigen
HCA,Hepatitis C Antibodies,£42.14,£69.00,1 day,Hepatitis C Antibody
QCL,Hepatitis C Quantification (Viral Load),£281.87,£349.00,1 day,Hepatitis C RNA PCR
HDA,Hepatitis Delta Antibody,£158.03,£219.00,6 days,Hepatitis Delta Antibody
HE,Hepatitis E IgG/IgM Antibodies,£111.37,£186.00,6 days,Hepatitis E Antibodies (IgG/IgM)
HSA,Herpes Simplex I/II Antibody Profile (IgG),£91.00,£149.00,1 day,"Herpes Simplex Virus I IgG, Herpes Simplex Virus II IgG"
HSS,Herpes Simplex I/II by PCR (Swab),£105.78,£176.00,2 days,"Herpes Simplex I by PCR, Herpes Simplex II by PCR"
HUS,Herpes Simplex I/II by PCR (Urine),£105.78,£176.00,2 days,Herpes Simplex I/II by PCR (Urine)
HSM,Herpes Simplex I/II IgM,£87.72,£149.00,1 day,Herpes Simplex Virus I/II Antibody (IgM)
HMD,HFE gene (Haemochromatosis) ‚ common mutations C282Y + H63D,£322.50,£419.00,5 days,HFE gene (Haemochromatosis)
HIB,Histamine (Blood),£196.40,£279.00,5 days,Histamine (Blood)
HIV,HIV I & II Antibody & p24 Antigen Test,£28.60,£49.00,1 day,HIV 1 & 2 Antibodies + p24 Antigen
STS,HIV/HBV/HCV (Early detection by PCR/NAAT),£238.01,£349.00,1 day,"HIV-1 RNA Viral Load by PCR, Hepatitis B DNA (Viral load), Hepatitis C RNA PCR"
HV1,HIV-1 RNA Viral Load by PCR,£173.83,£289.00,2 days,HIV-1 RNA Viral Load by PCR
HOM,Homocysteine (Quantitative),£92.00,£149.00,1 day,Homocysteine (Quantitative)
HPH,"HPV (HR mRNA types 16, 18 + others)",£71.50,£119.00,3 days,"Human Papillomavirus (HPV) (HR mRNA types 16, 18 + others)"
HRT,HRT Profile 1,£55.00,£99.00,1 day,"Follicle Stimulating Hormone, Oestradiol (E2), Progesterone"
HTV,HTLV 1& 2 Abs. (Human T Lymphotropic Virus Type I-II),£82.78,£129.00,2 days,Human T Lymphotropic Virus (HTLV) Type I-II Antibodies
H8G,Human Herpes Virus ‚ 8 (IgG),£149.00,£199.00,10 days,Human Herpes Virus-8 IgG
SOM,IGF-1 (Somatomedin),£105.78,£169.00,1 day,IGF-1 Somatomedin
IGS,IgG Subclasses,£235.86,£389.00,5 days,IgG Subclasses
IGA,Immunoglobulin A,£41.00,£65.00,1 day,Immunoglobulin A
IGE,Immunoglobulin E ‚ Total,£41.00,£65.00,1 day,Total IgE
IGG,Immunoglobulin G,£41.00,£65.00,1 day,Immunoglobulin G
IGM,Immunoglobulin M,£41.00,£65.00,1 day,Immunoglobulin M
IMM,"Immunoglobulins (IgG, IgM, IgA)",£103.85,£149.00,1 day,"Immunoglobulin A, Immunoglobulin M, Immunoglobulin G"
ICO,Indirect Coombs,£79.00,£129.00,2 days,Indirect Coombs
ALL,Individual Allergen,£33.40,£55.00,1 day,Allergy Individual Allergens IgE Levels
INB,Inhibin B,£151.25,£249.00,1 week,Inhibin B
INS,Insulin,£70.95,£119.00,1 day,Insulin
ISR,Insulin Resistance (Fasting),£52.00,£85.00,1 day,"Insulin Resistance (HOMA-IR), Glucose, Insulin"
IFA,Intrinsic Factor Antibodies,£59.50,£99.00,1 week,Intrinsic Factor Antibodies
SIO,Iodine‚ Serum,£182.86,£299.00,1 week,Iodine Serum
FE,Iron,£15.91,£49.00,1 day,Iron
IOP,Iron Overload Profile,£359.00,£459.00,5 days,"Total Iron-Binding Capacity, Transferrin Saturation, HFE gene (Haemochromatosis), Ferritin, Iron"
ISP,Iron Status Profile,£21.50,£49.00,1 day,"Total Iron-Binding Capacity, Transferrin Saturation, Ferritin, Unsaturated Iron-Binding Capacity, Iron"
ICB,Islet Cell Antibodies,£109.65,£179.00,3 days,Islet Cell Antibodies
KET,Ketamine Screen (urine),£63.00,£105.00,1 day,Ketamine Screen (urine)
KF,Kidney function (no electrolytes),£21.50,£49.00,1 day,"Creatinine, Urea, estimated Glomerular Filtration Rate (eGFR)"
KFT,Kidney Function Profile - invluding Electrolytes,£21.50,£49.00,1 day,"Potassium, Creatinine, Urea, Sodium, estimated Glomerular Filtration Rate (eGFR)"
F84,KIWI IGE,£33.00,£55.00,1 day,Kiwifruit IgE level
LDH,Lactate Dehydrogenase,£25.59,£43.00,1 day,Lactate Dehydrogenase (LDH)
LAM,Lamotrigine,£109.20,£182.00,8 days,Lamotrigine
ISO,LDH LSOENZYMES,£91.05,£152.00,1 week,LDH lsoenzymes
L17,LDL7 Subfractions,£215.00,£335.00,2 weeks,"Low Density Lipoprotein, Cholesterol - Total, LDL 7, LDL 2, LDL 3, LDL 6, LDL 1, LDL 4, LDL 5"
PB,Lead (Blood),£46.44,£81.00,5 days,Lead (Blood)
LEU,Lead (Urine),£70.74,£115.00,14 days,Lead (urine)
LEG,Legionella Antibodies,£102.34,£169.00,3 days,Legionella Antibodies
LUA,Legionella Urine Antigen,£123.41,£205.00,2 days,Legionella Antigen (Urine)
LEA,Leishmania Antibodies,£129.00,£215.00,1 week,Leishmania Antibodies
LEP,Leptin,£120.00,£199.00,2 weeks,Leptin
LEM,Leptospirosis (Weil‚s Disease) Antibodies (IgM),£132.44,£129.00,7 days,Leptospirosis (Weils Disease) Antibodies (IgM)
LPS,Lipase,£56.70,£74.00,1 day,Lipase
LPA,Lipoprotein (a),£60.00,£79.00,1 day,Lipoprotein (a)
ELF,Liver Fibrosis (Enhanced Liver Fibrosis ELF),£258.11,£329.00,7 days,Liver Fibrosis (Enhanced Liver Fibrosis ELF)
LFT,Liver Function Tests,£21.50,£39.00,1 day,"Albumin, Total Bilirubin, Globulin, Aspartate Aminotransferase, Total Protein, Gamma Glutamyl Transferase, Alkaline Phosphatase, Alanine Transaminase"
LKM,Liver Kidney Microsomal Antibodies,£82.78,£129.00,3 days,Liver Kidney Microsomal Antibodies
LUS,Lupus Anticoagulant,£100.41,£159.00,3 days,Lupus anticoagulant
LUP,Lupus Anticoagulant and Anticardiolipin Antibodies (Hughes Syndrome),£221.45,£319.00,3 days,"Anticardiolipin Antibodies (IgG), Lupus anticoagulant, Anticardiolipin Antibodies (IgM)"
LH,Luteinising Hormone,£39.00,£59.00,1 day,Luteinizing Hormone
BRA,Lyme Disease (Borrelia Antibodies) IgG/IgM,£119.00,£199.00,1 day,"B. burgdorferi IgM, B. burgdorferi IgG"
LYS,Lymphocyte Subsets (CD3/CD4/CD8),£209.20,£349.00,2 days,"CD8 (Cytotoxic T Lymphocyte Absolute), CD4 (Helper T Lymphocytes %), CD3 (T Lymphocytes %), CD3 (T Lymphocytes Absolute), CD4 (Helper T Lymphocytes %), CD8 (Cytotoxic T Lymphocyte Absolute), CD3 (T Lymphocytes Absolute), CD4/CD8 Ratio, CD8 (Cytotoxic T Lymphocyte Absolute), CD4 (Helper T Lymphocytes %)"
MG,Magnesium (Serum),£23.11,£49.00,1 day,Magnesium
MGB,Magnesium (Whole blood),£67.60,£119.00,1 day,Red Cell Magnesium
MAL,Malarial Antibodies (Pl. falciparum),£89.55,£149.00,3 days,Malarial Antibodies (Pl. falciparum)
MAP,Malarial Parasites,£46.80,£81.00,1 day,Malarial Parasites
MHLP,Male Hair Loss Profile,£104.00,£179.00,1 day,"Albumin, Free T4 (thyroxine), Mean Cell Volume (MCV), Free Androgen Index, Sex Hormone Binding Globulin, Platelet Count, Haematocrit, Mean Platelet Volume, Folate, Creatinine, Total Bilirubin, Free Testosterone Calculation, Urea, DHEA-Sulphate, Haemoglobin, Testosterone, Cortisol, Zinc (Serum), Prolactin, White Cell Count, Ferritin, Red Cell Count, Mean Cell Haemoglobin Concentration, Globulin, Aspartate Aminotransferase, Red Cell Distribution Width, Thyroid Stimulating Hormone, Follicle Stimulating Hormone, Total Protein, Luteinizing Hormone, estimated Glomerular Filtration Rate (eGFR), Gamma Glutamyl Transferase, Oestradiol (E2), Alkaline Phosphatase, Vitamin D (25-OH), Vitamin B12, Alanine Transaminase, Mean Cell Haemoglobin"
MHP,Male Hormone Profile,£59.50,£99.00,1 day,"Albumin, Free Androgen Index, Sex Hormone Binding Globulin, Free Testosterone Calculation, DHEA-Sulphate, Testosterone, Prolactin, Follicle Stimulating Hormone, Luteinizing Hormone, Oestradiol (E2)"
SH5,Male Sexual Health - Advanced Screen,£115.00,£179.00,1 day,"Chlamydia PCR, HIV 1 & 2 Antibodies + p24 Antigen, Hepatitis C Antibody, N. Gonorrhoea PCR, Syphilis (Treponoma) IgG/IgM, Hepatitis B Surface antigen"
MTM,Male Tumour Markers,£140.00,£269.00,1 day,"Carcino Embryonic Antigen, Cancer Antigen 19-9 (CA 19-9), Prostate Specific Antigen, Alpha Fetoprotein"
MN,Manganese (Serum),£51.50,£85.00,1 day,Manganese - Serum
MEA,Measles Antibodies (IgG) Immunity,£39.00,£65.00,1 day,Measles Antibodies (IgG)
MEN,Meningococcal Antibodies,£119.65,£169.00,5 weeks,Meningococcal Antibodies
FMP,Menopause Hormones Profile,£49.00,£79.00,1 day,"Testosterone, Thyroid Stimulating Hormone, Follicle Stimulating Hormone, Luteinizing Hormone, Oestradiol (E2)"
HG,Mercury (Blood),£75.00,£99.00,1 day,Mercury (Blood)
MRU,Mercury (Urine),£75.00,£99.00,1 day,Mercury/Creat Ratio Urine
MSP,Metabolic Syndrome Profile,£259.00,£389.00,2 weeks,"Low Density Lipoprotein, Triglyceride, Cholesterol - Total, Adinopectin, HbA1c (Glycosylated Haemoglobin), Non-HDL-Cholesterol, Glucose, Insulin, Total Cholesterol : HDL Ratio, High Sensitivity C-Reactive Protein, High-Density Lipoprotein (HDL) Cholesterol, HDL percentage"
MTS,Methylmalonic acid (serum),£169.00,£289.00,1 week,Methylmalonic acid (serum)
MMA,Methylmalonic acid (urine),£159.00,£219.00,1 week,Methylmalonic acid (urine)
UMA,Microalbumin (Urine),£45.00,£75.00,1 day,Urine Microalbumin
MTA,Mitochondrial Antibodies,£54.00,£89.00,3 days,Mitochondrial Antibodies
MR3,MRSA Rapid PCR (Groin),£75.00,£125.00,1 day,MRSA Rapid PCR (Groin)
MR2,MRSA Rapid PCR (Nasal),£75.00,£125.00,1 day,MRSA Rapid PCR (Nasal)
CV1,MTHFR COMMON VARIANTS,£258.30,£329.00,3 weeks,MTHFR Common C677T + A1298C Variants
MUM,Mumps Antibodies (IgG) Immunity,£43.00,£69.00,1 day,Mumps Antibodies (IgG) Immunity
MAM,Mumps Antibodies (IgM) current or recent infection,£102.34,£139.00,2 days,Mumps Antibodies (IgM) current or recent infection
MPO,Myeloperoxidase Antibodies,£82.78,£137.00,1 day,Myeloperoxidase Antibodies
MYB,Myoglobin (Serum),£82.78,£137.00,1 day,Myoglobin (Serum)
MSO,Myositis Panel,£158.03,£229.00,1 week,Myositis Panel
NCM,Nail Clippings,£89.00,£129.00,3 weeks,"Dermatophyte (fungal) PCR, Nail Clippings Mycology"
NSE,Neurone Specific Enolase,£125.00,£210.00,5 days,Neurone Specific Enolase
NIU,Nickel (Urine),£82.78,£137.00,2 weeks,Nickel (Urine)
4RF,NK Assay/Cytotoxicity Panel,£570.83,£679.00,1 week,NK Assay/Cytotoxicity Panel
4A,Nut Panel,£179.00,£279.00,1 day,"Chestnut IgE level, Brazil nut IgE level, Pecan nut IgE level, Almond IgE level, Pistachio IgE Level, Cashew nut IgE level, Pine nut (pignoles) IgE level, Peanut IgE level, Walnut Ige level, Hazelnut IgE, Macadamia nut IgE level, Sesame seed IgE level, Coconut IgE Level"
OES,Oestradiol (E2),£21.50,£49.00,1 day,Oestradiol (E2)
E1,Oestrone,£129.00,£189.00,5 days,Oestrone (E1)
OLA,Olanzapine,£164.05,£269.00,1 week,Olanzapine
O36,Omega 3/Omega 6,£125.00,£169.00,7 days,"Omega 6:Omega 3 Ratio, Omega Trans Fat Index, Omega 3 Index, Omega AA:EPA"
OMB,Osmolality (Serum),£86.80,£135.00,2 days,Osmolality (Serum)
OMU,Osmolality (Urine),£86.80,£135.00,2 days,Osmolality (Urine)
OVA,Ovarian Autoantibodies,£127.00,£179.00,2 days,Ovarian Autoantibodies
PGM,Parvovirus IgG/IgM Antibodies,£136.20,£227.00,3 days,"Parvovirus IgM Antibodies, Parvovirus IgG Antibodies"
PBM,Paul Bunnell (Monospot),£39.00,£65.00,1 day,Paul Bunnell (Monospot)
F13,Peanut IgE level,£35.00,£55.00,1 day,Peanut IgE level
PHN,PHENYTOIN (EPANUTIN),£55.69,£92.81,1 day,Phenytoin (Epanutin)
FB0,Pineapple IgE level,£35.00,£55.00,1 day,Pineapple IgE level
PL2,PLAC Test (Lp-PLA2),£98.00,£163.00,3 days,PLAC Test (Lp-PLA2)
PNS,Pneumonia (Atypical) Screen,£164.05,£273.41,7 days,Atypical Pneumonia Screen
QHCG,Pregnancy Test - Beta hCG (Quantitative),£34.00,£55.00,1 day,Beta HCG (Quantitative)
PRN,Pregnenolone,£161.00,£219.00,15 days,Pregnenolone
ML2P,Premier General Health Profile,£61.50,£99.00,1 day,"Low Density Lipoprotein, Triglyceride, Albumin, Cholesterol - Total, Mean Cell Volume (MCV), HbA1c (Glycosylated Haemoglobin), Total Iron-Binding Capacity, Platelet Count, Haematocrit, Calcium, Mean Platelet Volume, Urate (Uric acid), Creatinine, Total Bilirubin, Urea, Transferrin Saturation, Haemoglobin, Creatine Kinase, Total Cholesterol : HDL Ratio, White Cell Count, Red Cell Count, Mean Cell Haemoglobin Concentration, Globulin, Aspartate Aminotransferase, High-Density Lipoprotein (HDL) Cholesterol, Unsaturated Iron-Binding Capacity, Total Protein, estimated Glomerular Filtration Rate (eGFR), Iron, Gamma Glutamyl Transferase, Alkaline Phosphatase, Adjusted Calcium, Alanine Transaminase, Mean Cell Haemoglobin"
MG2,Premier Health Profile (with Glucose & Electrolytes),£69.50,£104.00,1 day,"Low Density Lipoprotein, Triglyceride, Albumin, Cholesterol - Total, Total Iron-Binding Capacity, Non-HDL-Cholesterol, Calcium, Potassium, Urate (Uric acid), Creatinine, Glucose, Total Bilirubin, Urea, Transferrin Saturation, Creatine Kinase, Total Cholesterol : HDL Ratio, Sodium, Globulin, Aspartate Aminotransferase, High-Density Lipoprotein (HDL) Cholesterol, Unsaturated Iron-Binding Capacity, HDL percentage, Lactate Dehydrogenase (LDH), Total Protein, estimated Glomerular Filtration Rate (eGFR), Iron, Gamma Glutamyl Transferase, Alkaline Phosphatase, Adjusted Calcium, Alanine Transaminase, Phosphate"
P1P,Procollagen 1 Peptide N-Terminal (NTX),£308.53,£429.00,1 week,Procollagen 1 Peptide N-Terminal (NTX)
P3P,Procollagen III Peptide,£119.00,£199.00,4 weeks,Procollagen III Peptide
PROG,Progesterone,£21.50,£39.00,1 day,Progesterone
PRL,Prolactin,£21.50,£39.00,1 day,Prolactin
PR2,Prostate Profile,£51.50,£79.00,1 day,"Free: Total PSA Ratio, Prostate Specific Antigen, Free Prostate Specific Antigen"
PSA,Prostate Specific Antigen (Total),£25.00,£39.00,1 day,Prostate Specific Antigen
PC,Protein C activity,£102.34,£170.00,4 days,Protein C Activity
PRT,Protein Electrophoresis including Immunoglobin,£82.78,£139.00,1 day,"Albumin, Immunoglobulin A, Immunoglobulin M, Immunoglobulin G, Protein Electrophoresis including Immunoglobin, Globulin, Total Protein"
TPR,Protein Total (Blood),£23.00,£36.00,1 day,Total Protein
PR3,Proteinase 3 Antibodies,£69.23,£115.00,5 days,Proteinase 3 Antibodies
PTI,Prothrombin Time,£58.27,£94.00,5 days,Prothrombin Time
PUR,Purkinje Cell Antibody (Hu and Yo),£83.53,£139.00,2 weeks,Purkinje Cell Antibody (Hu and Yo)
QFA,Q Fever (C Burnetti) Antibodies,£102.34,£170.00,4 days,Q Fever (C Burnetti) Antibodies
RAB,Rabies Antibody,£226.50,£377.50,2 weeks,Rabies Antibody
RTC,Reticulocyte Count,£21.00,£43.00,1 day,Reticulocyte Count
RBP,Retinol Binding Protein,£64.29,£105.00,3 days,Retinol Binding Protein
RT3,Reverse T3,£132.23,£189.00,3 weeks,Reverse T3
RF,Rheumatoid Factor (Latex Test),£33.86,£59.00,1 day,Rheumatoid Factor (Latex Test)
RIC,Rickettsial Species Antibody Profile,£164.05,£273.41,8 days,Rickettsial Species Antibody Profile
ROT,Rotavirus in Stool by PCR,£101.05,£169.00,2 days,Rotavirus in Stool PCR
RBG,Rubella Antibody (IgG) Immunity,£35.00,£59.00,1 day,Rubella Antibody (IgG) Immunity
RBM,Rubella Antibody (IgM),£109.65,£182.75,1 day,Rubella Antibody (IgM)
SAL,Salicylate,£60.95,£102.00,1 day,Salicylates
SEB,Selenium (Red Cell),£43.54,£69.00,1 day,Red Cell Selenium
SEL,Selenium (Serum),£82.78,£129.00,1 day,Selenium (Serum)
SLC,Serum Free Light Chains,£169.00,£279.00,2 weeks,"Free kappa Light Chains, Free Lambda Light Chains, kappa/Lambda Ratio"
F10,Sesame Ige,£33.00,£55.00,1 day,Sesame seed IgE level
SHB,Sex Hormone Binding Globulin,£21.50,£39.00,1 day,Sex Hormone Binding Globulin
SH4,Sexual Health Bloods Only,£74.50,£129.00,1 day,"HIV 1 & 2 Antibodies + p24 Antigen, Hepatitis C Antibody, Syphilis (Treponoma) IgG/IgM, Hepatitis B Surface antigen"
FM5,Sheep Milk IgE,£33.00,£55.00,1 day,Sheep milk IgE level
SIC,Sickle Cell Screen,£77.83,£129.00,1 day,Sickle Cell Screen
ASM,Smooth Muscle Antibodies,£52.68,£89.00,5 days,Anti-Smooth Muscle Antibodies
F14,Soybean IgE level,£33.00,£55.00,1 day,Soy Bean IgE level
MLSB,Sports Fitness Profile,£71.50,£119.00,1 day,"Vitamin B12, Haematocrit, Alkaline Phosphatase, White Cell Count, Mean Platelet Volume, estimated Glomerular Filtration Rate (eGFR), Total Protein, Unsaturated Iron-Binding Capacity, Total Cholesterol : HDL Ratio, Calcium, Haemoglobin, Globulin, Mean Cell Volume (MCV), Creatine Kinase, Gamma Glutamyl Transferase, Urea, Mean Cell Haemoglobin, Mean Cell Haemoglobin Concentration, Platelet Count, Red Cell Distribution Width, Red Cell Count, HDL percentage, Alanine Transaminase, Urate (Uric acid), Total Bilirubin, Creatinine, Albumin, Adjusted Calcium, Vitamin D (25-OH), Iron, Testosterone, Ferritin, Total Iron-Binding Capacity, Aspartate Aminotransferase, Triglyceride, High-Density Lipoprotein (HDL) Cholesterol, High Sensitivity C-Reactive Protein, Cholesterol - Total, Low Density Lipoprotein, Transferrin Saturation"
MLSH,Sports Hormone Profile,£111.50,£189.00,1 day,"Albumin, Free T4 (thyroxine), Free Androgen Index, Sex Hormone Binding Globulin, Total Bilirubin, Free Testosterone Calculation, DHEA-Sulphate, Testosterone, Prolactin, Globulin, Aspartate Aminotransferase, Thyroid Stimulating Hormone, Follicle Stimulating Hormone, Total Protein, Luteinizing Hormone, Gamma Glutamyl Transferase, Oestradiol (E2), Alkaline Phosphatase, Alanine Transaminase"
SRT,SRT - Serotonin (Blood),£194.04,£279.00,2 weeks,Serotonin (Blood)
OCP,"Stool Ova, Cysts and Parasites",£60.95,£102.00,1 day,"Stool Ova, Cysts and Parasites"
SRS,Stool Reducing Substances,£55.69,£93.00,5 days,Stool Reducing Substances
STG,Strongyloides Antibodies,£99.00,£165.00,10 days,Strongyloides
SC,Swab (Cervical),£86.00,£125.00,2 days,"Culture, Wet Preparation"
SE,Swab (Eye),£86.00,£125.00,2 days,Culture
NS,Swab (Nasal),£86.00,£125.00,2 days,Culture
SO,Swab (Oral),£86.00,£125.00,2 days,Culture
SP,Swab (Penile),£86.00,£125.00,2 days,Culture
SR,Swab (Rectal),£86.00,£125.00,2 days,Culture
SKS,Swab (Skin),£86.00,£125.00,2 days,Culture
ST,Swab (Throat),£86.00,£125.00,2 days,Culture
SVU,Swab (Vulval),£86.00,£125.00,2 days,Culture
WS,Swab (Wound),£86.00,£125.00,2 days,Culture
SWC,Swab for Culture (Any Site),£86.00,£125.00,2 days,Culture
SYT,Synacthen Stimulation Test,£179.00,£299.00,1 day,Synacthen Stimulation Test
SYP,Syphilis TP (IgG/IgM),£39.00,£65.00,1 day,Syphilis (Treponoma) IgG/IgM
FK5,Tacrolimus/Prograf (FK506),£89.00,£149.00,2 weeks,Tacrolimus/Prograf (FK506)
TBQ,TB Quantiferon-TB Gold,£105.00,£165.00,3 days,Final Result (TBQ)
FTE,Testosterone - Free (Serum),£83.64,£139.00,1 day,Testosterone - Free (Serum)
TEST,Testosterone Check,£18.50,£39.00,1 day,Testosterone
TESTP,Testosterone Plus Profile,£31.50,£59.00,1 day,"Albumin, Sex Hormone Binding Globulin, Free Testosterone Calculation, Testosterone"
TER,Testosterone Replacement Therapy Profile,£96.25,£149.00,1 day,"Low Density Lipoprotein, Triglyceride, Albumin, Cholesterol - Total, Free T4 (thyroxine), Mean Cell Volume (MCV), HbA1c (Glycosylated Haemoglobin), Sex Hormone Binding Globulin, Platelet Count, Haematocrit, Non-HDL-Cholesterol, Mean Platelet Volume, Creatinine, Free Testosterone Calculation, Urea, Haemoglobin, Testosterone, Total Cholesterol : HDL Ratio, Prolactin, Ferritin, Red Cell Count, Mean Cell Haemoglobin Concentration, Globulin, Red Cell Distribution Width, High-Density Lipoprotein (HDL) Cholesterol, Thyroid Stimulating Hormone, Follicle Stimulating Hormone, HDL percentage, Total Protein, Luteinizing Hormone, estimated Glomerular Filtration Rate (eGFR), Prostate Specific Antigen, Gamma Glutamyl Transferase, Oestradiol (E2), Alkaline Phosphatase, Alanine Transaminase, Mean Cell Haemoglobin"
TEA,Tetanus Antibody,£82.99,£139.00,5 days,Tetanus IgG Antibody
THA,Thallium (Blood),£102.34,£170.50,8 days,Thallium (Blood)
TMT,Thiopurine Methyl Transferase,£167.06,£279.00,5 days,Thiopurine Methyl Transferase
THB,Thyroid Antibodies (incl. Thyroglobulin + Thyroid Peroxidase Antibodies),£51.40,£85.00,1 day,"Thyroid Peroxidase Antibodies, Antithyroglobulin Antibodies"
TF2,Thyroid Full Profile,£45.00,£79.00,1 day,"Free T4 (thyroxine), Thyroid Peroxidase Antibodies, Antithyroglobulin Antibodies, Thyroid Stimulating Hormone, Free T3 (triiodothyronine)"
TF,Thyroid Function - Diagnosis and Monitoring,£21.50,£49.00,1 day,"Free T4 (thyroxine), Thyroid Stimulating Hormone"
TPO,Thyroid Peroxidase Antibodies,£21.50,£39.00,1 day,Thyroid Peroxidase Antibodies
TF3,Thyroid Profile 3,£42.00,£65.00,1 day,"Free T4 (thyroxine), Thyroid Stimulating Hormone, Free T3 (triiodothyronine)"
TSI,Thyroid Receptor Antibodies,£160.82,£228.00,5 days,TSH-Receptor Abs (TSI)
TSH,Thyroid Stimulating Hormone,£25.59,£39.00,1 day,Thyroid Stimulating Hormone
T4,Thyroxine (Total),£38.00,£69.00,1 day,Thyroxine (T4)
TP,Tiredness/Fatigue Profile,£64.00,£99.00,1 day,"Free T4 (thyroxine), Mean Cell Volume (MCV), Total Iron-Binding Capacity, Platelet Count, Haematocrit, Mean Platelet Volume, Transferrin Saturation, Haemoglobin, White Cell Count, Ferritin, Red Cell Count, Mean Cell Haemoglobin Concentration, Red Cell Distribution Width, Unsaturated Iron-Binding Capacity, Thyroid Stimulating Hormone, Iron, Vitamin D (25-OH), Mean Cell Haemoglobin"
TAA,Tissue Transglutaminase IgA (Coeliac),£87.72,£146.20,1 day,"Immunoglobulin A, Tissue transglutaminase IgA"
TOU,Toluene (Urine),£130.20,£209.00,2 weeks,Toluene (Urine)
TBI,TOTAL BILEACID/BILE SALTS,£47.25,£79.00,4 days,Total Bile Acid/Bile Salts
BIL,TOTAL BILIRUBIN,£21.00,£36.00,1 day,Total Bilirubin
TOM,Toxoplasma antibodies (IgG & IgM),£121.91,£175.00,1 day,"Toxoplasma Antibodies (IgG), Toxoplasma Antibodies (IgM)"
TPP,TPPA,£42.14,£69.00,1 day,TPPA (Treponema pallidum particle agglutination)
T3,Triiodothyronine (T3),£82.78,£139.00,1 day,Triiodothyronine (T3)
TNI,Troponin I High Sensitivity,£94.60,£159.00,1 day,Troponin I
NHW,Ultimate Athlete Performance,£149.00,£209.00,1 day,"Vitamin B12, Free Androgen Index, Haematocrit, Alkaline Phosphatase, Cancer Antigen 125 (CA125), Free T4 (thyroxine), Lymphocytes, Mean Platelet Volume, estimated Glomerular Filtration Rate (eGFR), Folate, Antithyroglobulin Antibodies, Total Protein, Unsaturated Iron-Binding Capacity, Total Cholesterol : HDL Ratio, Haemoglobin, Globulin, Mean Cell Volume (MCV), Sodium, Creatine Kinase, Progesterone, Gamma Glutamyl Transferase, DHEA-Sulphate, Urea, Mean Cell Haemoglobin, Mean Cell Haemoglobin Concentration, Thyroid Peroxidase Antibodies, Platelet Count, Red Cell Distribution Width, HbA1c (Glycosylated Haemoglobin), Red Cell Count, Thyroid Stimulating Hormone, HDL percentage, Alanine Transaminase, Urate (Uric acid), Monocytes, Total Bilirubin, Basophils, Sex Hormone Binding Globulin, Creatinine, Luteinizing Hormone, Cortisol, Albumin, Adjusted Calcium, Oestradiol (E2), Eosinophils, Neutrophils, Prolactin, Vitamin D (25-OH), Iron, Testosterone, Non-HDL-Cholesterol, Free Testosterone Calculation, Ferritin, Total Iron-Binding Capacity, Aspartate Aminotransferase, Follicle Stimulating Hormone, Triglyceride, High-Density Lipoprotein (HDL) Cholesterol, Free T3 (triiodothyronine), High Sensitivity C-Reactive Protein, Cholesterol - Total, Low Density Lipoprotein"
NHU,Ultimate Athlete Performance (with PSA),£155.50,£219.00,1 day,"Vitamin B12, Haematocrit, Alkaline Phosphatase, Free T4 (thyroxine), White Cell Count, Lymphocytes, Mean Platelet Volume, estimated Glomerular Filtration Rate (eGFR), Folate, Antithyroglobulin Antibodies, Total Protein, Unsaturated Iron-Binding Capacity, Total Cholesterol : HDL Ratio, Calcium, Haemoglobin, Globulin, Mean Cell Volume (MCV), Sodium, Creatine Kinase, Progesterone, Gamma Glutamyl Transferase, DHEA-Sulphate, Urea, Mean Cell Haemoglobin, Mean Cell Haemoglobin Concentration, Thyroid Peroxidase Antibodies, Platelet Count, Red Cell Distribution Width, HbA1c (Glycosylated Haemoglobin), Red Cell Count, Thyroid Stimulating Hormone, Alanine Transaminase, Urate (Uric acid), Monocytes, Total Bilirubin, Basophils, Prostate Specific Antigen, Sex Hormone Binding Globulin, Creatinine, Luteinizing Hormone, Cortisol, Albumin, Adjusted Calcium, Chloride, Oestradiol (E2), Eosinophils, Neutrophils, Prolactin, Vitamin D (25-OH), Iron, Testosterone, Non-HDL-Cholesterol, Free Testosterone Calculation, Ferritin, Total Iron-Binding Capacity, Aspartate Aminotransferase, Follicle Stimulating Hormone, Triglyceride, High-Density Lipoprotein (HDL) Cholesterol, Free T3 (triiodothyronine), High Sensitivity C-Reactive Protein, Cholesterol - Total, Low Density Lipoprotein"
UE,Urea & Electrolytes,£19.00,£32.00,1 day,"Creatinine, Urea, Sodium, estimated Glomerular Filtration Rate (eGFR)"
UA,URIC ACID (URATE),£22.58,£36.00,1 day,Urate (Uric acid)
UUA,URIC ACID (URINE),£28.00,£57.00,1 day,Uric Acid (Urine)
ACR,Urine albumin/Creatinine ratio,£59.00,£99.00,1 day,"Creatinine (Urine), Urine Microalbumin, Urine Microalb/Creat ratio"
UCE,Urine Microscopy & Culture,£41.00,£69.00,2 days,"Bacterial Count, pH (Urine), Urine Glucose, Urine White Cell Count, Urine Ketone, Urine Red Cell Count, Urine protein"
SVA,VAGINAL SWAB,£86.00,£125.00,2 days,Culture
VAL,VALPROIC ACID (EPILIM),£66.97,£111.62,1 day,Valproate
VZG,Varicella Zoster IgG Antibodies (immunity),£50.40,£84.00,1 day,Varicella Zoster Antibodies (IgG)
VZM,Varicella Zoster IgM Abs,£59.13,£99.00,2 days,Varicella Zoster Antibodies (IgM)
VHP,Verve Aesthetics - Hair Loss Profile,£115.00,£179.00,1 day,"Free T4 (thyroxine), Mean Cell Volume (MCV), HbA1c (Glycosylated Haemoglobin), Free Androgen Index, Sex Hormone Binding Globulin, Platelet Count, Haematocrit, Mean Platelet Volume, Folate, Haemoglobin, Testosterone, White Cell Count, Ferritin, Red Cell Count, Mean Cell Haemoglobin Concentration, Red Cell Distribution Width, High Sensitivity C-Reactive Protein, Thyroid Stimulating Hormone, Iron, Oestradiol (E2), Vitamin D (25-OH), Vitamin B12, Mean Cell Haemoglobin"
VPR,Viral Respiratory Screen,£254.00,£423.33,1 day,"Parainfluenza type 3, Parainfluenza type 1, Coronavirus RNA, Parechovirus RNA, Parainfluenza type 2, Rhinovirus RNA, RSV RNA, Parainfluenza type 4, Adenovirus DNA, Human Metapneumovirus RNA, Enterovirus RNA"
VTA,VITAMIN A (RETINOL),£93.00,£132.00,2 days,Vitamin A (Retinol)
VT1,VITAMIN B1 (THIAMINE),£93.00,£132.00,2 days,Vitamin B1 (Thiamine)
B12,Vitamin B12,£21.50,£39.00,1 day,Vitamin B12
V12,VITAMIN B12 (ACTIVE),£49.88,£79.00,1 day,Vitamin B12 (Active)
VB2,VITAMIN B2 (RIBOFLAVIN),£70.50,£99.00,2 days,Vitamin B2 (Riboflavin)
VB3,VITAMIN B3 (NICOTINAMIDE),£85.50,£122.00,1 week,Vitamin B3 (Nicotinamide)
VB5,Vitamin B5 (Pantothenic Acid),£119.00,£169.00,2 weeks,Vitamin B5
VB6,VITAMIN B6 (PYRIDOXINE),£102.00,£145.00,2 days,Vitamin B6 (Pyridoxine)
BIO,Vitamin B7 (Biotin),£118.50,£150.00,3 days,Vitamin B7 (Biotin)
VTC,Vitamin C,£110.25,£157.50,2 days,Vitamin C (active)
VTD,Vitamin D,£30.40,£49.00,1 day,Vitamin D (25-OH)
VTE,Vitamin E (alpha Tocopherol),£99.00,£149.00,2 day,Vitamin E (Alpha Tocopherol)
VKN,VITAMIN K (NUTRITIONAL),£115.13,£191.89,2 weeks,Vitamin K (With PIVKA II)
VP,Vitamin Profile,£44.00,£89.00,1 day,"Folate, Vitamin D (25-OH), Vitamin B12"
VP1,Vitamin Profile 1,£321.64,£536.07,2 days,"Vitamin B1 (Thiamine), Vitamin B2 (Riboflavin), Vitamin A (Retinol), Vitamin B6 (Pyridoxine), Vitamin E (Alpha Tocopherol), Beta-Carotene"
VLD,VLDL CHOLESTEROL,£94.82,£129.00,8 days,Very Low-density Lipoprotein (VLDL) Cholesterol
VMA,VMA Excretion,£164.05,£270.00,6 days,UVMA
WLM,Weight-loss management,£64.50,£99.00,1 day,"Low Density Lipoprotein, Triglyceride, Albumin, Cholesterol - Total, Lipase, HbA1c (Glycosylated Haemoglobin), Creatinine, Total Bilirubin, Urea, Sodium, Globulin, Aspartate Aminotransferase, High-Density Lipoprotein (HDL) Cholesterol, Amylase, HDL percentage, Total Protein, estimated Glomerular Filtration Rate (eGFR), Gamma Glutamyl Transferase, Alkaline Phosphatase, Alanine Transaminase"
WLA,Weight-loss management Advanced,£127.93,£179.00,1 day,"Low Density Lipoprotein, Triglyceride, Albumin, Cholesterol - Total, Lipase, Free T4 (thyroxine), Mean Cell Volume (MCV), HbA1c (Glycosylated Haemoglobin), Total Iron-Binding Capacity, Platelet Count, Haematocrit, Lymphocytes, Mean Platelet Volume, Creatinine, Total Bilirubin, Urea, Transferrin Saturation, Haemoglobin, White Cell Count, Sodium, Red Cell Count, Mean Cell Haemoglobin Concentration, Globulin, Aspartate Aminotransferase, Red Cell Distribution Width, Monocytes, High-Density Lipoprotein (HDL) Cholesterol, Amylase, Unsaturated Iron-Binding Capacity, Thyroid Stimulating Hormone, HDL percentage, Total Protein, estimated Glomerular Filtration Rate (eGFR), Neutrophils, Iron, Gamma Glutamyl Transferase, Basophils, Alkaline Phosphatase, Vitamin D (25-OH), Eosinophils, Vitamin B12, Alanine Transaminase, Mean Cell Haemoglobin"
WLT,Weight-loss management + Thyroid,£76.00,£115.00,1 day,"Low Density Lipoprotein, Triglyceride, Albumin, Cholesterol - Total, Lipase, Free T4 (thyroxine), HbA1c (Glycosylated Haemoglobin), Creatinine, Total Bilirubin, Urea, Sodium, Globulin, Aspartate Aminotransferase, High-Density Lipoprotein (HDL) Cholesterol, Amylase, Thyroid Stimulating Hormone, HDL percentage, Total Protein, estimated Glomerular Filtration Rate (eGFR), Gamma Glutamyl Transferase, Alkaline Phosphatase, Alanine Transaminase"
ML7,Well Man Premier Plus Profile,£98.36,£159.00,1 day,"Vitamin B12, Haematocrit, Alkaline Phosphatase, Free T4 (thyroxine), White Cell Count, Lymphocytes, Mean Platelet Volume, estimated Glomerular Filtration Rate (eGFR), Folate, Total Protein, Unsaturated Iron-Binding Capacity, Total Cholesterol : HDL Ratio, Calcium, Haemoglobin, Globulin, Mean Cell Volume (MCV), Creatine Kinase, Gamma Glutamyl Transferase, Urea, Mean Cell Haemoglobin, Mean Cell Haemoglobin Concentration, Platelet Count, Red Cell Distribution Width, HbA1c (Glycosylated Haemoglobin), Red Cell Count, Thyroid Stimulating Hormone, HDL percentage, Alanine Transaminase, Urate (Uric acid), Monocytes, Total Bilirubin, Basophils, Creatinine, Albumin, Adjusted Calcium, Magnesium, Eosinophils, Neutrophils, Vitamin D (25-OH), Iron, Testosterone, Ferritin, Total Iron-Binding Capacity, Aspartate Aminotransferase, Triglyceride, High-Density Lipoprotein (HDL) Cholesterol, High Sensitivity C-Reactive Protein, Cholesterol - Total, Low Density Lipoprotein, Transferrin Saturation"
MG7,Well Man Premier Profile (with Electrolytes),£100.41,£165.00,1 day,"Vitamin B12, Haematocrit, Alkaline Phosphatase, Free T4 (thyroxine), White Cell Count, Mean Platelet Volume, estimated Glomerular Filtration Rate (eGFR), Folate, Total Protein, Unsaturated Iron-Binding Capacity, Total Cholesterol : HDL Ratio, Calcium, Haemoglobin, Globulin, Mean Cell Volume (MCV), Sodium, Creatine Kinase, Gamma Glutamyl Transferase, Phosphate, Urea, Mean Cell Haemoglobin, Mean Cell Haemoglobin Concentration, Platelet Count, Red Cell Distribution Width, HbA1c (Glycosylated Haemoglobin), Red Cell Count, Thyroid Stimulating Hormone, HDL percentage, Alanine Transaminase, Urate (Uric acid), Total Bilirubin, Creatinine, Albumin, Adjusted Calcium, Vitamin D (25-OH), Iron, Testosterone, Non-HDL-Cholesterol, Ferritin, Total Iron-Binding Capacity, Potassium, Aspartate Aminotransferase, Lactate Dehydrogenase (LDH), Triglyceride, High-Density Lipoprotein (HDL) Cholesterol, Glucose, High Sensitivity C-Reactive Protein, Cholesterol - Total, Low Density Lipoprotein, Transferrin Saturation"
D7L,Well Man Profile - including Prostate Profile (DL7L),£115.13,£189.00,1 day,"Haematocrit, Alkaline Phosphatase, Free T4 (thyroxine), White Cell Count, Mean Platelet Volume, estimated Glomerular Filtration Rate (eGFR), Total Protein, Free: Total PSA Ratio, Calcium, Haemoglobin, Globulin, Mean Cell Volume (MCV), Sodium, Gamma Glutamyl Transferase, Phosphate, Urea, Mean Cell Haemoglobin, Mean Cell Haemoglobin Concentration, Platelet Count, Red Cell Distribution Width, Red Cell Count, Thyroid Stimulating Hormone, Alanine Transaminase, Urate (Uric acid), Total Bilirubin, Free Prostate Specific Antigen, Creatinine, Albumin, Adjusted Calcium, Chloride, Iron, Non-HDL-Cholesterol, Ferritin, Total Iron-Binding Capacity, Potassium, Aspartate Aminotransferase, Triglyceride, High-Density Lipoprotein (HDL) Cholesterol, Glucose, Cholesterol - Total, Low Density Lipoprotein"
MF7,Well Man Profile (minus FBC),£92.00,£149.00,1 day,"Low Density Lipoprotein, Triglyceride, Albumin, Cholesterol - Total, Free T4 (thyroxine), HbA1c (Glycosylated Haemoglobin), Total Iron-Binding Capacity, Non-HDL-Cholesterol, Calcium, Urate (Uric acid), Folate, Creatinine, Total Bilirubin, Urea, Transferrin Saturation, Testosterone, Creatine Kinase, Total Cholesterol : HDL Ratio, Ferritin, Globulin, Aspartate Aminotransferase, High Sensitivity C-Reactive Protein, High-Density Lipoprotein (HDL) Cholesterol, Unsaturated Iron-Binding Capacity, Thyroid Stimulating Hormone, HDL percentage, Total Protein, estimated Glomerular Filtration Rate (eGFR), Iron, Gamma Glutamyl Transferase, Alkaline Phosphatase, Adjusted Calcium, Vitamin D (25-OH), Vitamin B12, Magnesium, Alanine Transaminase"
ML6,Well Person Premier Plus Profile,£76.86,£119.00,1 day,"Haematocrit, Alkaline Phosphatase, Free T4 (thyroxine), White Cell Count, Mean Platelet Volume, estimated Glomerular Filtration Rate (eGFR), Total Protein, Unsaturated Iron-Binding Capacity, Total Cholesterol : HDL Ratio, Calcium, Haemoglobin, Globulin, Mean Cell Volume (MCV), Creatine Kinase, Gamma Glutamyl Transferase, Urea, Mean Cell Haemoglobin, Mean Cell Haemoglobin Concentration, Platelet Count, Red Cell Distribution Width, HbA1c (Glycosylated Haemoglobin), Red Cell Count, Thyroid Stimulating Hormone, Alanine Transaminase, Urate (Uric acid), Total Bilirubin, Creatinine, Albumin, Adjusted Calcium, Iron, Non-HDL-Cholesterol, Ferritin, Total Iron-Binding Capacity, Aspartate Aminotransferase, Triglyceride, High-Density Lipoprotein (HDL) Cholesterol, Cholesterol - Total, Low Density Lipoprotein, Transferrin Saturation"
D8L,Well Person Profile (DL8L),£77.83,£129.00,1 day,"Haematocrit, Alkaline Phosphatase, Free T4 (thyroxine), White Cell Count, Mean Platelet Volume, estimated Glomerular Filtration Rate (eGFR), Total Protein, Unsaturated Iron-Binding Capacity, Calcium, Haemoglobin, Globulin, Mean Cell Volume (MCV), Sodium, Gamma Glutamyl Transferase, Phosphate, Urea, Mean Cell Haemoglobin, Mean Cell Haemoglobin Concentration, Platelet Count, Red Cell Distribution Width, Red Cell Count, Thyroid Stimulating Hormone, Alanine Transaminase, Urate (Uric acid), Total Bilirubin, Creatinine, Albumin, Adjusted Calcium, Chloride, Vitamin D (25-OH), Iron, Non-HDL-Cholesterol, Ferritin, Total Iron-Binding Capacity, Potassium, Aspartate Aminotransferase, Triglyceride, High-Density Lipoprotein (HDL) Cholesterol, Glucose, Cholesterol - Total, Low Density Lipoprotein"
MG6,"Well Person Profile (with Glucose, HbA1c & Electrolytes)",£84.39,£140.00,1 day,"Haematocrit, Alkaline Phosphatase, Free T4 (thyroxine), White Cell Count, Mean Platelet Volume, estimated Glomerular Filtration Rate (eGFR), Total Protein, Unsaturated Iron-Binding Capacity, Total Cholesterol : HDL Ratio, Calcium, Haemoglobin, Globulin, Mean Cell Volume (MCV), Sodium, Creatine Kinase, Gamma Glutamyl Transferase, Phosphate, Urea, Mean Cell Haemoglobin, Mean Cell Haemoglobin Concentration, Platelet Count, Red Cell Distribution Width, HbA1c (Glycosylated Haemoglobin), Red Cell Count, Thyroid Stimulating Hormone, HDL percentage, Alanine Transaminase, Urate (Uric acid), Total Bilirubin, Creatinine, Albumin, Adjusted Calcium, Iron, Non-HDL-Cholesterol, Ferritin, Total Iron-Binding Capacity, Potassium, Aspartate Aminotransferase, Lactate Dehydrogenase (LDH), Triglyceride, High-Density Lipoprotein (HDL) Cholesterol, Glucose, Cholesterol - Total, Low Density Lipoprotein, Transferrin Saturation"
ML8,Well Woman Premier Plus Profile,£98.36,£159.00,1 day,"Vitamin B12, Haematocrit, Alkaline Phosphatase, Free T4 (thyroxine), White Cell Count, Mean Platelet Volume, estimated Glomerular Filtration Rate (eGFR), Folate, Total Protein, Unsaturated Iron-Binding Capacity, Total Cholesterol : HDL Ratio, Calcium, Haemoglobin, Globulin, Mean Cell Volume (MCV), Creatine Kinase, Gamma Glutamyl Transferase, Urea, Mean Cell Haemoglobin, Mean Cell Haemoglobin Concentration, Platelet Count, Red Cell Distribution Width, HbA1c (Glycosylated Haemoglobin), Red Cell Count, Thyroid Stimulating Hormone, HDL percentage, Alanine Transaminase, Urate (Uric acid), Total Bilirubin, Creatinine, Luteinizing Hormone, Albumin, Adjusted Calcium, Magnesium, Oestradiol (E2), Vitamin D (25-OH), Iron, Ferritin, Total Iron-Binding Capacity, Aspartate Aminotransferase, Follicle Stimulating Hormone, Triglyceride, High-Density Lipoprotein (HDL) Cholesterol, High Sensitivity C-Reactive Protein, Cholesterol - Total, Low Density Lipoprotein, Transferrin Saturation"
MG8,Well Woman Premier Profile (with Electrolytes),£100.41,£165.00,1 day,"Vitamin B12, Haematocrit, Alkaline Phosphatase, Free T4 (thyroxine), White Cell Count, Lymphocytes, Mean Platelet Volume, estimated Glomerular Filtration Rate (eGFR), Folate, Total Protein, Unsaturated Iron-Binding Capacity, Total Cholesterol : HDL Ratio, Calcium, Haemoglobin, Globulin, Mean Cell Volume (MCV), Sodium, Creatine Kinase, Erythrocyte Sedimentation Rate, Gamma Glutamyl Transferase, Urea, Mean Cell Haemoglobin, Mean Cell Haemoglobin Concentration, Platelet Count, Red Cell Distribution Width, HbA1c (Glycosylated Haemoglobin), Red Cell Count, Thyroid Stimulating Hormone, HDL percentage, Alanine Transaminase, Urate (Uric acid), Monocytes, Total Bilirubin, Basophils, Creatinine, Luteinizing Hormone, Albumin, Adjusted Calcium, Magnesium, Oestradiol (E2), Eosinophils, Neutrophils, Vitamin D (25-OH), Iron, Non-HDL-Cholesterol, Ferritin, Total Iron-Binding Capacity, Aspartate Aminotransferase, Follicle Stimulating Hormone, Lactate Dehydrogenase (LDH), Triglyceride, High-Density Lipoprotein (HDL) Cholesterol, Glucose, High Sensitivity C-Reactive Protein, Cholesterol - Total, Low Density Lipoprotein, Transferrin Saturation"
WCA,Whooping Cough (Pertussis) Antibodies,£164.05,£273.00,6 days,Whooping Cough (Pertussis) Antibodies
YFA,Yellow Fever Antibodies,£194.15,£323.00,2 weeks,Yellow Fever Antibodies
YEA,Yersinia Antibodies,£118.14,£197.00,6 days,Yersinia Antibodies
ZKA,Zika Abs IgM and IgG - Antibody detection from 15 days,£157.27,£259.00,1 day,"Zika Abs IgG, Zika Virus abs IgM"
ZN,Zinc (Serum),£70.95,£119.00,1 day,Zinc (Serum)
ZNB,Zinc (Whole Blood),£47.52,£79.00,2 days,Red Cell Zinc